,A,B,C,D
2000-01-01,1.6819419466716106,2.035459784404584,1.407270518536884,-1.1945861681307357
2000-01-02,2.173908849720792,3.0666425931011227,1.450063900752698,0.3803294353442812
2000-01-03,1.2363859290276993,4.2046442234651416,0.9299631941318005,-1.6008105496201541
2000-01-04,2.219998272756987,4.127422751366195,1.2931058122091266,-2.4172804237114964
2000-01-05,2.6890099988403176,2.187546282072273,1.7234183158001868,-2.317214587965217
2000-01-06,4.733597893929409,4.420346360763711,2.861353598126162,-2.9862226189790553
2000-01-07,4.430827197491522,4.049221201383382,2.7028761812784894,-2.60167312471749
2000-01-08,4.836946576111399,4.310175784916357,2.0407963802411966,-2.429981122382008
2000-01-09,4.574848331357819,3.541039591899933,1.3474111058491032,-2.7513899957795096
2000-01-10,5.753655453518967,4.351545886118329,-0.26947310058242424,-2.2964631775742426
2000-01-11,5.476136157380262,3.5189720874275388,-0.5355784000105182,-3.8040125144158923
2000-01-12,6.298346654925115,3.556754539958006,1.409877130685106,-5.857589779347386
2000-01-13,6.602977318507861,3.955994504260005,1.105136998719366,-5.929188894699996
2000-01-14,6.900867050076038,5.784476953710669,-0.8143263733356587,-6.34840055823424
2000-01-15,5.699591625903113,5.108546537472371,-1.0983139285476455,-7.434298334043829
2000-01-16,6.238680141941989,4.8842406389177695,-2.951066126123,-7.061788214686844
2000-01-17,5.879484673299698,6.303427187958423,-2.1876790674992246,-7.60765721634408
2000-01-18,5.127778006552888,6.849856023330531,-2.690514082314701,-8.15241714340704
2000-01-19,6.346973617884182,8.48499466530759,-3.6789720953325205,-7.288355945776611
2000-01-20,7.384045399754941,7.147443808966013,-5.222122132417085,-8.173675670060803
2000-01-21,5.080011524956053,5.58729463811796,-6.688339082307299,-8.978923312447112
2000-01-22,5.071170066640095,6.378159912579011,-6.589235765537946,-8.947244564272046
2000-01-23,3.968505598656334,5.710072613523402,-5.95261540468248,-7.776158445325001
2000-01-24,4.7784781616283185,5.920187301332279,-5.386413803602681,-7.745961722688759
2000-01-25,3.977905860698044,6.723848948789421,-5.515791348219549,-7.020858478768604
2000-01-26,3.810693660040314,5.900269339475397,-3.862862215582612,-8.11535511029546
2000-01-27,3.041217482618652,8.689198900487838,-4.82473786507984,-8.081457238073591
2000-01-28,2.2886476057515166,8.653254853371346,-5.66192476314744,-6.133157541301936
2000-01-29,1.6683808211972022,10.265935812085612,-5.044584757806444,-5.974274999583238
2000-01-30,-0.3440497771666289,10.699083107084281,-6.525441571625412,-4.548870542667334
2000-01-31,0.10274633919230036,11.230356257251,-9.390857015456444,-4.410343124322361
2000-02-01,1.937327271670569,11.642167901754108,-9.213185965253022,-5.492738005460822
2000-02-02,1.1622131292380158,10.678676237381842,-9.413154342340185,-5.683236411564829
2000-02-03,0.2942097138108086,9.387308151749382,-10.58097175448042,-5.528775563448779
2000-02-04,0.47391518347439626,10.839727734221068,-11.822221006808997,-4.546770644637115
2000-02-05,0.6496586304533408,11.707964569439556,-10.72594859169098,-5.716168018383935
2000-02-06,-0.12300813376558095,12.390173743264079,-11.431228908673157,-4.82386677989356
2000-02-07,0.03131971564774766,11.618879553928984,-12.584345267239437,-7.252827591784163
2000-02-08,0.14075801189243953,11.022975208875295,-12.173983955456904,-7.469488443599439
2000-02-09,0.45504332708783074,10.721401293666123,-12.28975689486833,-6.24766830382983
2000-02-10,0.07333919385267262,11.086601285480064,-14.572715071582914,-6.984143428724574
2000-02-11,1.3655455542565167,9.839228407837904,-14.372151304576839,-7.865651149573286
2000-02-12,1.198700109029045,9.674568988438269,-15.968906753963019,-8.81039558014163
2000-02-13,-0.1646102630984918,11.560676868607217,-15.588420900470561,-9.551838316803682
2000-02-14,-0.3031587355764812,12.005698167089099,-15.285474065289709,-8.124734180744497
2000-02-15,-0.6344501844795448,12.475559410304232,-15.780091845362609,-8.11360287322672
2000-02-16,-1.8766373683006878,14.010677328725754,-14.995498243619458,-6.858348308045041
2000-02-17,-2.5888963351752143,13.994983138902876,-13.821007109781227,-5.30405542394238
2000-02-18,-4.020984346033043,13.942378836032,-14.419044289227088,-5.413125508033926
2000-02-19,-3.9565600231941853,13.314357638777253,-13.542070766622954,-6.9168035251149975
2000-02-20,-3.8363237950863005,13.513329989944596,-11.682811792377345,-7.797758071348903
2000-02-21,-3.699727057868854,11.679865654902397,-11.895561406618718,-8.810897932323263
2000-02-22,-4.619446870879198,11.443118716889463,-10.113661602589463,-8.711567412241205
2000-02-23,-2.752228979050696,12.169008685528997,-9.828177373363848,-9.171071974859368
2000-02-24,-3.2306646121836553,13.284864510596377,-11.874235251316971,-9.721488961868532
2000-02-25,-3.2457755689370527,14.80177670789208,-12.364828155706833,-10.146345781728359
2000-02-26,-3.0965440902965398,15.189448000097439,-12.814905893706385,-10.982356912480212
2000-02-27,-3.323916752361786,15.613981156298092,-10.744653181147193,-11.947128500357362
2000-02-28,-1.562008082576524,15.546099859124084,-9.385803354459535,-10.034852185749031
2000-02-29,-3.1546321199483875,14.106973637547535,-10.77339476533381,-11.253218772552657
2000-03-01,-3.6090179856095275,15.195415555998679,-10.497287169175534,-9.205651948812987
2000-03-02,-4.075509349701516,14.669691313637164,-11.156859839854985,-8.582688415282101
2000-03-03,-2.8500698048395776,14.177585334031276,-10.177773979399825,-8.341383576887921
2000-03-04,-3.0880255166314847,13.71339407602096,-11.884841702289549,-7.137845781829447
2000-03-05,-3.0756210944182407,12.192035092279578,-12.31232346394532,-6.799940823636759
2000-03-06,-3.097038634202924,12.617988629555665,-10.938791740437512,-6.954419777560544
2000-03-07,-3.9875505083201443,12.190526195304747,-12.033948828113832,-5.694685425264062
2000-03-08,-5.780803443863351,13.136265556616125,-10.937595422916317,-5.496598686863778
2000-03-09,-5.286513102844653,11.82764901000662,-11.191897356138597,-6.649301845494998
2000-03-10,-5.338768778251706,10.986166926085433,-10.21021471457428,-7.997818591531779
2000-03-11,-6.338885160970468,10.75674083753663,-9.471429752656556,-7.461385204412374
2000-03-12,-6.765905421916627,10.588478543840623,-8.60282276256061,-6.834260689040236
2000-03-13,-5.237796040539006,10.14897504457046,-7.365012305795426,-8.687166005115879
2000-03-14,-6.199544008559881,11.177847600546714,-6.6467938132590785,-10.66801994981952
2000-03-15,-4.79622727762888,11.010628010310239,-8.034680080002758,-11.508553324819102
2000-03-16,-3.5678067755920297,11.822102168715428,-7.355183157875183,-12.850918358929519
2000-03-17,-4.8469244964431155,11.736123144125225,-5.8261349737027075,-12.231364865572248
2000-03-18,-5.380786014124472,12.842128423674179,-3.758739553369122,-12.881304034693706
2000-03-19,-5.724006552312205,13.444087964182739,-5.245401194270563,-11.844456185180686
2000-03-20,-6.204915429596104,12.242584163274417,-6.1638367489908,-12.497886502134035
2000-03-21,-6.351503900328261,12.408227200964896,-3.7473756477374893,-12.942586075670507
2000-03-22,-4.578373165682097,11.772838685330145,-4.099883553980918,-11.4783661802884
2000-03-23,-2.2133958693297977,12.218304134983995,-3.6420477807580696,-10.961759448807252
2000-03-24,-2.413710331846478,10.555483043450144,-6.101321080878279,-10.933445382381262
2000-03-25,-1.8600061362610734,11.514484338163,-7.148702935059925,-12.492094198079457
2000-03-26,-1.44681526818847,11.91110190690511,-8.426965211654448,-11.550122747953028
2000-03-27,-0.8967844066920401,11.800479533795155,-7.622060334665273,-10.188346154235896
2000-03-28,-0.29041966269025377,11.765606718150355,-9.197121087591551,-10.475876986461568
2000-03-29,-0.2602149519124453,10.874701619468528,-9.315517209955482,-9.031623013548698
2000-03-30,-1.133992067172416,10.725464081382183,-9.833874135573513,-9.228577355453616
2000-03-31,0.08561041898051647,11.860082626093456,-10.637766354789706,-9.47480024879982
2000-04-01,-0.015855550258236803,12.009615071923395,-10.094366613016323,-8.871784800538466
2000-04-02,0.03085509085338392,11.264971999034717,-9.63217507922755,-8.722941735910451
2000-04-03,0.35520262547573356,10.61231442493072,-8.887564862695596,-9.71211549164716
2000-04-04,1.0980733203367405,11.678409404384276,-8.94030820959305,-8.680585645619285
2000-04-05,3.286971366562834,12.60220718750228,-8.709319433876177,-8.96948703052051
2000-04-06,4.612932951561616,10.806790543062995,-8.138267844393377,-8.67555402512426
2000-04-07,6.363889535132667,11.584484784766786,-6.3601352476173645,-8.158102051080489
2000-04-08,6.319959871412627,10.251569898971884,-5.490340923230021,-8.413118539678397
2000-04-09,5.806687687849333,10.471203100410285,-5.014584421474107,-7.669292306576795
2000-04-10,5.777133730320128,10.504470816955585,-6.308237057550927,-7.0834113535913374
2000-04-11,5.8484326658487475,11.693160949658271,-6.293756156689247,-7.023992704857065
2000-04-12,7.660127977919759,11.603834026501117,-6.0347823934570926,-6.7792412598085905
2000-04-13,8.862594499939345,10.81169652905662,-4.138133195407011,-5.688382670591838
2000-04-14,7.105671267547751,10.07416694056725,-2.546473874324639,-4.16282802865735
2000-04-15,8.169702652465766,10.561022858724527,-3.579963590157322,-2.1789620593197476
2000-04-16,8.080531819389517,9.3277449147247,-5.2942102212479085,-4.321558343429675
2000-04-17,8.753011922077999,10.904362141922824,-5.603721504870926,-2.1928556694095898
2000-04-18,9.541960326381911,11.655342750042173,-6.592671756782252,-3.4981097611555794
2000-04-19,10.591800876125639,11.235746148078912,-5.698471324919541,-3.430992363046157
2000-04-20,10.209942554662888,12.132235564396522,-6.206885087818576,-2.026566368701644
2000-04-21,8.846562432116963,13.54963684325295,-7.099273242053932,-3.859012819918668
2000-04-22,8.944510647872422,14.588260986780567,-6.687433152209031,-2.853460506832951
2000-04-23,8.451087047920849,13.788794499780565,-7.530148841287945,-2.312385601147003
2000-04-24,8.785595119548464,12.663052277433525,-6.6534172236157385,-2.9418111111855225
2000-04-25,8.543277300684185,13.231020739791614,-5.927228857774897,-3.3190423590908273
2000-04-26,7.144319635812658,12.071758574745957,-3.926768882796211,-2.427017286151102
2000-04-27,6.587513839602353,12.998737348987593,-3.8510471328533473,-3.5545824769225316
2000-04-28,7.581793848860707,11.502296265219343,-3.809367527252409,-3.5573298211494015
2000-04-29,9.418539759493738,11.83562633526972,-4.0899944696034165,-4.167336310184089
2000-04-30,11.144026280113591,10.27451082010906,-2.74490057920516,-4.703246390595319
2000-05-01,11.696429748892838,9.147958783351188,-2.221447395600403,-4.475417114720755
2000-05-02,10.786772964117818,9.518932301386908,-3.6739665483812143,-3.891926895730747
2000-05-03,11.025808012625967,10.308945366060378,-1.7606092191821636,-4.407814961517324
2000-05-04,12.975884122065885,10.729350965770319,-2.483474103165236,-6.063395251819219
2000-05-05,12.3331393100672,11.197526436793417,-2.5919003312037363,-6.259828680409681
2000-05-06,11.204230681097853,10.218209489658298,-2.72449535767721,-7.1963962689612035
2000-05-07,13.277864212003692,9.20211020186952,-1.9945123687108977,-6.6205287311534935
2000-05-08,13.382284291313017,7.390555762069048,-3.748044429625016,-6.144255279074723
2000-05-09,13.259723781401057,6.127731257880811,-3.4417818832038707,-6.002580201823281
2000-05-10,12.963690725464138,8.121331083438564,-4.9056099590739795,-4.504795541792844
2000-05-11,11.509906303280419,7.854498257672205,-4.1838878988456845,-5.634875600244639
2000-05-12,12.849432407916481,7.960936688497548,-2.713826847648697,-5.248164432701109
2000-05-13,10.77359122867966,8.814198908754726,-4.046739089724753,-5.7020438150292545
2000-05-14,11.260157451492416,9.011096899965873,-3.7443587884474505,-4.0797770417110035
2000-05-15,12.299791837062948,9.600178618590341,-4.784117507953518,-5.731447803670822
2000-05-16,11.623989461544873,9.434730781609321,-5.575999927518774,-6.973473521753942
2000-05-17,13.293382226476531,8.467196407441273,-4.759211057372882,-7.670943850093699
2000-05-18,11.686777587164995,7.067216964841804,-3.0015404512923567,-9.95498719289687
2000-05-19,11.736529923138592,7.6049396456823715,-3.2538794306236483,-11.501752300814443
2000-05-20,10.587692163555992,7.312238532766996,-3.00933515679929,-12.480489510481014
2000-05-21,11.446915587156576,6.3709866283362855,-2.42973130688834,-13.055171336306381
2000-05-22,12.35966699332045,5.947595702711842,-5.0497902677673565,-12.175904113817017
2000-05-23,13.665359678009796,5.538933863259226,-3.5910636699849143,-11.389605893327904
2000-05-24,12.869718697306368,5.434107887292884,-3.409456456381616,-12.004362494215778
2000-05-25,13.4181609993718,6.016207150141308,-3.824349390604829,-12.290142221891308
2000-05-26,11.36179111644757,7.09421547127545,-5.873240526484128,-12.175610273259935
2000-05-27,12.427752955037576,8.328531561787992,-3.8932060428082336,-11.819192609863991
2000-05-28,12.217227964597825,8.50177160873838,-3.667847376079012,-14.109182325345515
2000-05-29,10.51709588739641,10.246822558492507,-3.9256670776752016,-14.810952060967395
2000-05-30,10.54454927939632,10.650657000628257,-3.0810228052728528,-15.09011767903547
2000-05-31,11.18585202677835,10.983221707194215,-2.517851624851494,-15.626410451056246
2000-06-01,10.971385239111084,11.01549463909695,-1.3122298853335872,-14.892736766710348
2000-06-02,11.28321739122071,10.090518436835287,-2.4222809237608605,-15.239087070843516
2000-06-03,10.886697073164894,12.005352152843859,-2.087093504128424,-15.783153085959821
2000-06-04,9.685933615338605,11.691398102482758,-2.766717495607484,-15.65367301963868
2000-06-05,7.940195382011865,11.310291822256191,-2.8686218537537913,-13.761942274325646
2000-06-06,7.608180949222944,11.328868556130036,-2.2860141556320337,-14.51594378690474
2000-06-07,8.773131794531817,12.065305824493745,-2.062048658986577,-15.18438848619015
2000-06-08,8.777528033801572,12.597737216711844,-3.8072278704322198,-16.387000379466166
2000-06-09,9.065885136025576,13.62268392529346,-5.718759814019498,-16.29380000402604
2000-06-10,10.253968594627842,14.772757554809207,-6.943714287176803,-17.101733703858454
2000-06-11,9.965040828801353,15.002224916426634,-7.612674295890455,-17.301669973175308
2000-06-12,10.354954379955835,14.28992034031343,-8.181013141533429,-18.442110597926753
2000-06-13,11.468170749723836,14.4195580789292,-6.917312853276883,-19.477001548034643
2000-06-14,11.114265719909985,15.340085827828545,-6.389506480659057,-20.993226187314896
2000-06-15,11.486898588840344,14.713138419646427,-4.798787160714195,-19.84844513346105
2000-06-16,10.630670438563252,14.035306669570886,-5.3663599102363175,-21.235495224017857
2000-06-17,11.00138377475158,12.723548311520839,-5.071374366208089,-21.180043332164022
2000-06-18,9.905842916931602,15.287294987730395,-6.92852595618949,-22.936523738354616
2000-06-19,9.42329604153024,16.652427722053663,-7.791415314352514,-23.874425321451046
2000-06-20,10.114772614331795,17.866279027283493,-8.282110186035682,-23.802379422245803
2000-06-21,9.908312393370514,17.588301273925655,-7.140184396641824,-24.037001542518972
2000-06-22,9.483118997034106,16.291757222505332,-6.282906134899651,-25.19708036228259
2000-06-23,10.207599629714657,15.972248284859745,-6.675355267635973,-26.797784458022477
2000-06-24,10.338050048073473,14.825811729933069,-8.059832758737322,-27.162486924431747
2000-06-25,10.680937658892187,15.538390524944237,-9.730118160425654,-27.221091553319898
2000-06-26,7.678776467693528,14.605553636281233,-9.236673969360346,-27.681112548554086
2000-06-27,10.065196416212423,14.58573198863421,-10.507132103853714,-28.98670573545901
2000-06-28,9.474791568125035,14.500240609645166,-9.07011459987415,-28.7589115291997
2000-06-29,9.213834505732503,16.030017621450405,-9.924963414220938,-28.256173361083405
2000-06-30,8.488693236729084,16.535226106084814,-8.282828105303729,-28.950245798204
2000-07-01,7.74639633182191,16.20731498314543,-9.18087084032369,-27.980328822833727
2000-07-02,8.923120603191634,15.143445177586702,-8.108888612765652,-26.111266181052546
2000-07-03,10.919029860396822,14.802467128118176,-7.739171948701252,-24.737994373239477
2000-07-04,10.662458114453454,13.910443387982372,-8.969443234797984,-25.985205771275577
2000-07-05,8.839031045487989,12.145350172139397,-9.391607313037888,-24.80055893415809
2000-07-06,9.46880996800319,12.872866813647239,-8.763819095300038,-25.179052028762555
2000-07-07,8.57918153633719,12.565629013903251,-7.99505660814512,-25.408306575662785
2000-07-08,9.629718805641874,11.44431079102214,-7.340384139296463,-26.094929656779094
2000-07-09,9.881452444984332,11.977098332682987,-7.706996264632567,-24.794674226075173
2000-07-10,6.94654960138582,11.44867511286299,-7.774136833351108,-23.859637661534183
2000-07-11,8.306909900131737,10.77196545950239,-10.371020874045339,-22.82395504845319
2000-07-12,8.192467949083545,11.526522352086035,-10.89511313437166,-22.621792271478743
2000-07-13,7.31998914088074,10.650806612419002,-9.269652221130883,-22.645052658039766
2000-07-14,8.580518112625732,12.42758480256989,-10.656909151352727,-22.17977020782694
2000-07-15,7.661298994967595,13.294727871536447,-11.19874540839688,-23.8353257139215
2000-07-16,7.290392249434275,13.378815295827746,-10.29539996485606,-23.085297498705966
2000-07-17,7.125758732578795,14.853753597808971,-10.028990075596939,-23.19302115712557
2000-07-18,7.490623639562149,14.241611146726353,-11.308825025318463,-24.398082534146905
2000-07-19,8.314856873929077,13.479056595755727,-11.345901859170155,-25.838106923232473
2000-07-20,8.728974663591371,14.515831417360351,-10.383811205448138,-25.496237709587188
2000-07-21,8.963846194931746,14.688476746707986,-10.023243377421615,-24.246526221393395
2000-07-22,9.386806947326606,13.101137533006035,-9.77537789213623,-25.369123562577137
2000-07-23,9.345919639042474,11.80575466826846,-9.603093578594713,-26.756431298313245
2000-07-24,11.113714458311714,11.594553308841334,-8.28115888264195,-25.37265573177157
2000-07-25,13.647247672781312,13.296295364079505,-7.213578893020239,-26.09628249315323
2000-07-26,12.847704610032736,13.073985671273375,-7.5841471497010895,-25.780725763658154
2000-07-27,11.922511672853547,14.988122833069212,-7.851486671575147,-27.20851176757856
2000-07-28,12.983543123497208,14.433102242773927,-10.108824523466934,-27.089627109059638
2000-07-29,11.624946134811639,14.633450696190529,-11.76249560391782,-25.680185586851948
2000-07-30,12.738403732961455,14.952452993457591,-11.618467056169763,-24.73665939810118
2000-07-31,13.344199894767451,14.936970475527463,-11.192295908120576,-24.2919791601436
2000-08-01,13.374794851249685,14.378252127110452,-10.179507067225998,-23.96627465039796
2000-08-02,14.092495433341155,12.911524339061259,-9.84113203754698,-24.13148232566195
2000-08-03,13.403961671505709,13.328386067833723,-7.985052673841915,-22.831276561232727
2000-08-04,12.580276217208516,13.93675346521236,-8.086684786835365,-23.55140685271069
2000-08-05,10.548075539457159,11.34585368685691,-8.233235809134577,-23.616040325049916
2000-08-06,11.431433932263904,11.748337949238811,-8.592133693643518,-25.98405046183435
2000-08-07,12.63573157549753,11.106459680915986,-9.766405193836661,-25.249613585152513
2000-08-08,14.290367238983315,11.34167650865603,-9.282437448636802,-24.143903800269374
2000-08-09,15.992084607762106,12.115245476707555,-9.029072385639022,-24.6433553726211
2000-08-10,15.214705120027432,12.61488200932869,-9.894673469769433,-22.059158373205413
2000-08-11,16.151537576998535,12.541349406896112,-10.055445944305204,-22.227932372316136
2000-08-12,16.02595088419516,12.124635157704565,-9.657010046542277,-22.302306944317813
2000-08-13,17.079945490697884,12.78646260637774,-10.588744068861223,-23.86627320332741
2000-08-14,17.148435441738055,12.840815317221674,-11.71989200885215,-23.92998268081035
2000-08-15,17.973345543513457,12.234554026449798,-11.911482033252353,-23.281787460081045
2000-08-16,17.94231924808964,11.578294063282138,-10.251704630792643,-22.66323277706079
2000-08-17,17.896622379094158,12.003749878046635,-9.50561318694978,-23.305758596720672
2000-08-18,18.07595482605397,12.096271017622714,-8.19099235509598,-23.356933898533615
2000-08-19,17.063203309173897,12.047331196480844,-8.093563539844773,-21.842473665862126
2000-08-20,18.007895253125994,11.661872260267414,-7.4554451138222,-21.19184365019794
2000-08-21,18.123117575698384,10.522660541385774,-6.049140768784049,-22.57463268187856
2000-08-22,16.740152576047237,10.196226876722312,-6.980169018844165,-21.590630244831395
2000-08-23,16.82167179899581,8.631160750391766,-8.854329174197794,-22.823333973237837
2000-08-24,15.522819640707548,7.91127296549939,-8.12310603008821,-23.924396838425192
2000-08-25,15.379948500855482,9.701036114772148,-6.086888662230656,-23.04166227070683
2000-08-26,15.64736745013284,7.8395574402893295,-7.390011299418841,-23.425337885630206
2000-08-27,16.61852261686474,7.9109410994919624,-7.280913347856954,-23.044682380531913
2000-08-28,17.217442747082547,8.726332577019614,-7.284740375115383,-23.376697526132283
2000-08-29,16.59227920905487,9.04238843551998,-7.679883677386394,-24.698868191024403
2000-08-30,15.874621338026763,8.825912628394102,-7.293375818103686,-24.309680478284662
2000-08-31,17.3500181059353,9.021331225279447,-6.81977145714021,-23.81596788641103
2000-09-01,17.962416798261938,10.135758949065853,-6.3931100650286785,-24.048773616935243
2000-09-02,19.246113550412595,9.785905535878854,-5.869307654955278,-25.47975918709259
2000-09-03,19.40005805502937,10.035627002451387,-5.103745978005633,-24.361893353443467
2000-09-04,18.081673750265978,9.14811213753405,-5.127239635934298,-23.510450368706262
2000-09-05,18.479896928799874,8.932523830700184,-4.308938211234917,-23.46795632206604
2000-09-06,18.753373946286388,10.06733609110214,-4.957837959871552,-22.726006064028468
2000-09-07,18.91012010670198,11.307179428554814,-4.506831922951948,-24.182268318484695
2000-09-08,20.786204946320336,12.003965577461626,-4.260594417741999,-25.05513676142212
2000-09-09,20.944142366372873,13.976999434963565,-3.7232499099608583,-23.48200524895223
2000-09-10,20.734262267038325,14.122153830224574,-5.2616326143208765,-25.01347505944664
2000-09-11,20.682568632939766,14.924151199020436,-4.434607314028468,-25.357346499841913
2000-09-12,20.99922211265767,14.327363560392877,-3.9019556675758005,-24.757801109521388
2000-09-13,19.0365220066783,15.362313736544149,-2.4619646969026667,-24.622065335414653
2000-09-14,19.651370129334314,16.139257212306514,-2.2967240332808263,-25.22045020256311
2000-09-15,19.975861158250492,16.34936729573597,-2.432875916345952,-26.70160730593158
2000-09-16,19.66220830291644,17.069963632489973,-0.9335170229382743,-27.720143027359452
2000-09-17,18.095782368402446,17.992515376641244,-0.8034657415519828,-28.158048613532046
2000-09-18,18.379805963342708,18.367604320320503,-0.584942788296302,-27.299862325871448
2000-09-19,17.589391005371567,19.126348309382248,0.10686269476487265,-26.17724669951601
2000-09-20,17.613343625426793,18.213333202429816,-0.7144695436010071,-25.894479011179147
2000-09-21,17.040356393756262,19.61601023012848,-1.6540747395534647,-25.161211301597096
2000-09-22,15.44306856133832,19.386711404039005,-1.263551501375188,-24.430206130717416
2000-09-23,16.06196520314916,19.64835185175792,-0.8784400554689535,-25.39592508022489
2000-09-24,15.47840130460406,19.104700679796984,-1.7950482645213706,-25.484043188973786
2000-09-25,14.781322331195359,18.67951188167593,-0.010831798419431493,-25.81209518646124
2000-09-26,15.436471756859541,19.20667168007341,-1.3559455462206311,-25.99214464015702
2000-09-27,17.280552327788925,22.585917253225155,-0.4637345648829443,-26.426115426715608
2000-09-28,16.635043751533953,22.472603463140093,-0.947253886982258,-27.171760503475888
2000-09-29,17.92224163412634,23.501287145708723,-1.0457595467095282,-27.666044246104946
2000-09-30,18.18986504525604,24.704080307124382,-1.54711177768135,-26.740341950420984
2000-10-01,18.47691856446424,23.620646208709406,-1.8705235174378114,-27.13783510564594
2000-10-02,17.400792832912714,22.393184505043905,-1.4972422847456355,-26.14975376022939
2000-10-03,17.72312770821079,22.441601742237246,-3.311171944912046,-24.76910928073701
2000-10-04,17.444294245016376,22.422377414944634,-4.41207965994383,-24.892456943915825
2000-10-05,15.904845921051676,21.04413166526115,-3.607312631171341,-24.100124447389263
2000-10-06,14.332171962373838,21.60394386235433,-3.932549470438373,-24.259539048987264
2000-10-07,12.57081828202938,20.796397439874855,-5.193064239886967,-25.94567497221292
2000-10-08,13.0129235753109,22.20576686913778,-5.343596059775046,-26.61032113002322
2000-10-09,14.685031574815953,20.363826938629245,-4.815272205890502,-26.676996961190735
2000-10-10,15.065732399911479,21.189780452179377,-5.088682968749615,-25.6439906434112
2000-10-11,13.07403843668822,22.9667295748725,-6.772561361354681,-24.972962890150498
2000-10-12,13.497459539865478,23.620801429938233,-6.509833782608365,-26.161822338794877
2000-10-13,13.505356879165783,23.161335302075305,-6.790247043889816,-26.988677662441592
2000-10-14,13.123049986851187,23.118446984687452,-8.216730731225475,-27.236635328117604
2000-10-15,12.098127988986402,21.30854785487811,-8.083499151513012,-24.450035980975223
2000-10-16,13.114508390379902,22.351806084058126,-7.115689278216408,-24.526055282738714
2000-10-17,12.236427685075709,21.049948970986716,-5.4030965502339265,-23.3458558277418
2000-10-18,12.187851000451074,21.829172817524526,-5.800140789707125,-25.273818088657414
2000-10-19,12.5057121656881,23.423040085175195,-4.862931375173773,-25.992510447826582
2000-10-20,12.657734505667896,23.819492696262415,-4.744361475058796,-26.741543687217796
2000-10-21,13.32807262430407,23.58089778438552,-5.878490250012318,-25.681448324083565
2000-10-22,13.507763700734376,23.618293766347406,-6.114181915701754,-23.6771045383441
2000-10-23,14.068529776410283,22.794824793825253,-5.355227876386753,-22.52294277600325
2000-10-24,14.734162216220662,23.15001111820376,-5.158769250297787,-22.238396386475603
2000-10-25,12.814583258870993,22.47793971214959,-5.5166310219022225,-21.624330120507462
2000-10-26,14.107012079469968,23.81845435515899,-4.755249754988716,-21.608086376742577
2000-10-27,14.50932544227144,23.85135367131884,-5.216446189687942,-20.7344486007838
2000-10-28,15.864087962243818,25.84448521190462,-5.398149710141941,-19.98093983873416
2000-10-29,17.995027683737153,25.410831321422112,-6.267419467512651,-20.653548620890575
2000-10-30,18.50415283864443,23.709071010457972,-6.311196755616838,-21.384791476731774
2000-10-31,17.883219587926188,22.501787148097723,-6.45512333371485,-21.597636994891243
2000-11-01,19.181203025259464,21.798140667473653,-6.492093079978618,-21.91104668734679
2000-11-02,19.76245030410554,20.315866070993188,-6.506770398135198,-21.12856223190488
2000-11-03,18.14527805262491,19.542830654117655,-5.4078307356989495,-22.02693175900853
2000-11-04,18.221414027070775,19.468430086953493,-4.9956693576291,-23.5736749670322
2000-11-05,18.356004498873776,19.938899282524368,-4.9676142568610855,-21.509414092218297
2000-11-06,18.470759851912444,19.208473226058935,-5.532792362980699,-21.306607177179842
2000-11-07,18.893434829863352,19.9264129243916,-5.510785744275113,-22.115651608874234
2000-11-08,17.645212179109393,20.560693720345743,-4.361207098366935,-21.51416205198773
2000-11-09,17.707658780686646,20.834097487891825,-3.897321892582674,-20.709421770647236
2000-11-10,16.63844274691354,21.987509483963787,-3.719964253066529,-18.541197171899817
2000-11-11,18.152504837237732,22.086912642190658,-2.8896426634485874,-19.023669121969924
2000-11-12,19.231286238064325,22.85528677889058,-2.794837445739093,-18.273227646654323
2000-11-13,19.41813383473109,24.507550248572663,-2.341985618584643,-19.128710710713293
2000-11-14,20.420200279453173,24.369705569828525,-1.6542862268913197,-20.317321551507117
2000-11-15,18.52988396360663,25.872390165261965,-0.14362341272496826,-19.872476045075935
2000-11-16,19.300242730132716,27.618219385805556,2.357225587799318,-19.6726665062459
2000-11-17,19.134562350049368,28.24103419983835,4.040823169821724,-19.027483571705364
2000-11-18,17.735755226306892,28.1811512791495,3.8312166802852174,-18.84495253166128
2000-11-19,17.450125240802617,28.730859809803267,4.182884722188506,-20.200224211076755
2000-11-20,16.413626393662668,29.631608485643856,4.003138092892119,-20.045719804572652
2000-11-21,16.393861792180733,29.63633424875722,2.9333233063231754,-19.367748604398198
2000-11-22,15.093646758589113,29.3847194232263,3.7922906483978354,-19.13456094630902
2000-11-23,16.070157361361908,30.16377377323695,4.279155373504028,-20.20963917803777
2000-11-24,16.744400890081046,29.081732801014518,4.214516051770857,-19.568680796137738
2000-11-25,17.669523917147817,29.210929631596166,4.210638600262724,-19.612572987370104
2000-11-26,19.71808789121481,28.672235478473336,3.953411260509716,-20.034220997334618
2000-11-27,20.475425265400023,30.312226204912402,3.3915396271533833,-20.74266370236923
2000-11-28,20.65637451379166,30.688891665955726,3.501038113172474,-21.046642736226975
2000-11-29,20.541318512034472,30.142133213472135,1.6577972155803573,-21.30209483927431
2000-11-30,22.200397410116807,29.944493185770042,2.504779796062484,-21.328435428179386
2000-12-01,22.978506934040247,30.115512801324712,3.7971064860402537,-21.360793023078916
2000-12-02,21.806363815078303,30.051113124581864,5.1200316043471075,-21.327094635490795
2000-12-03,21.297138816250328,30.256561570893044,5.567626103251147,-22.1904197815288
2000-12-04,20.779318323754577,29.758922323434998,5.028708651149201,-23.78955938979227
2000-12-05,20.794184589376545,29.614897185175792,4.39684861201919,-22.881764523395134
2000-12-06,20.549505196799476,29.15238577005828,3.953509930002098,-24.312807442610755
2000-12-07,19.135900350157783,31.540789106589724,4.156708834268589,-24.666171225098367
2000-12-08,18.920391093980488,31.88102729563071,3.1069505632686716,-24.059426016660332
2000-12-09,18.62039625846805,31.852895790465556,4.6361887394876184,-23.957287955881714
2000-12-10,20.92949057261422,33.68538463871565,3.0883909579925044,-24.327477569857795
2000-12-11,19.97387537049932,35.11373919528107,3.007186361774607,-24.98058195150016
2000-12-12,19.622785839580224,35.887359907221736,3.096936976802499,-22.512563600417472
2000-12-13,21.96905864597206,35.44294094287115,4.129517165237901,-22.882906942518115
2000-12-14,23.848242290720144,36.52767842086593,4.132359121810527,-21.674174395366915
2000-12-15,22.581181143610983,34.43710370891484,3.429920885022491,-21.112224059832222
2000-12-16,22.512010959173896,33.78869050428563,2.6368647737814688,-20.412339021162076
2000-12-17,21.669745205004297,33.59936640923228,2.5791726446991166,-20.059731360531554
2000-12-18,22.281470958039538,34.83559690073146,1.8416875261728824,-21.086316799733787
2000-12-19,21.450800881338136,33.263521508831275,1.5870079524696419,-20.2774110625671
2000-12-20,22.40451006418563,33.61917290963858,0.6598813770605331,-20.90061925267314
2000-12-21,22.511960373093356,33.979211836155045,1.6257207340230595,-19.95180331170182
2000-12-22,22.309539572344075,34.64242799977535,3.481484806882137,-21.255557607761755
2000-12-23,20.43668239072366,34.0331927009054,2.4543866702847232,-21.025343627570617
2000-12-24,20.80822470723547,34.54171640731207,2.9088786271918874,-22.037716969325764
2000-12-25,20.063102978804526,34.49389460078576,2.6347576950170883,-20.68908344194149
2000-12-26,19.207368719756875,35.59748907520353,3.9506228682602087,-20.670339290959863
2000-12-27,17.263149888114217,35.802076120329225,4.148436968381871,-20.58862478977318
2000-12-28,18.21286250396894,36.92650815585347,5.152590166148233,-20.46100248106902
2000-12-29,18.27827319075095,36.8076586054486,3.612686100958487,-19.52684831083848
2000-12-30,17.963171665894233,36.8438392813789,4.7747657088525965,-20.09308023266396
2000-12-31,16.789192327503166,35.49797011779394,3.293131739815861,-20.286680498423195
2001-01-01,16.99837147617319,35.69802995626955,2.6516599702106474,-18.95884368705706
2001-01-02,15.941728238899831,36.075178107995434,1.9055457398479498,-17.649638966076736
2001-01-03,15.74194830685438,36.56720812454538,2.4762417893418855,-18.064652828890427
2001-01-04,12.43854031118142,36.86017712787575,2.054318184038562,-17.6756339748602
2001-01-05,12.1621779554031,38.15021160267631,3.0411402113071673,-17.26885399958971
2001-01-06,11.337918344061245,38.503159423940886,2.9045273826066476,-17.56765169763989
2001-01-07,11.952732193732391,38.07513913355604,4.687875287347634,-17.672368264606984
2001-01-08,10.6266517503559,38.11692155897089,4.12139604710707,-17.03498035326868
2001-01-09,9.234370674091736,37.9976131910751,4.6075977110900945,-17.367833053894305
2001-01-10,9.033629893756858,41.011687580981004,3.1257599256388495,-15.992159461706288
2001-01-11,9.111336842693923,42.604047877560326,3.0344876162395664,-15.974794312186779
2001-01-12,9.31976276782222,43.25846451279784,3.6306364935418367,-15.731082287835882
2001-01-13,9.419853631334554,44.78350893492931,5.477649057573837,-17.439056283573127
2001-01-14,9.730645850546882,44.9804813875784,6.916389189036843,-17.847209099667023
2001-01-15,8.972322034379252,44.72456928256045,8.413273451681539,-17.334647294121563
2001-01-16,9.051051278334588,44.51197053166567,9.71764337473442,-16.837372742329823
2001-01-17,6.942824891060779,46.17433072640188,8.225845170319985,-17.968297736693657
2001-01-18,6.008471892238915,46.11901084079854,6.12410341110879,-17.873722939450634
2001-01-19,4.3728308334539,45.96282753705537,5.4037803996808735,-17.487105901590777
2001-01-20,4.234185463196412,45.09712679541834,5.690683681336516,-17.554004861578946
2001-01-21,4.602156742378915,44.06245669495465,6.433214635420701,-18.46577995759808
2001-01-22,4.8481221086876065,44.508533079240856,6.18919919424499,-17.281313587533027
2001-01-23,4.059914271735916,44.67404152304206,5.288601093269404,-17.335168385243392
2001-01-24,4.669605523179712,41.54715916857758,6.378272347717939,-17.99020520279276
2001-01-25,4.0374197390768245,41.817798728413536,6.464794479114362,-18.566009741503585
2001-01-26,3.6167963301712556,41.77810553010543,4.783344677456995,-19.322810725321094
2001-01-27,2.6060707235120137,40.572544067929,5.148025757147685,-18.722299380909707
2001-01-28,1.9656448767245778,41.15294291900494,7.8930074709759825,-16.87580006309908
2001-01-29,2.561027669974366,41.263914277953326,8.086873355689058,-19.18767739407714
2001-01-30,1.9110256370153866,40.01998217563705,7.712684076070211,-19.063207026592856
2001-01-31,3.5143236557807347,40.24015964779606,8.689252981724579,-18.422862539379405
2001-02-01,2.672706099606946,40.855093445987315,8.008196873622786,-18.91562238143699
2001-02-02,2.3708021852802195,40.48630144611919,7.69492563557673,-19.471643847788563
2001-02-03,3.408931393675167,41.29626352772506,7.622604334548257,-19.417098550664896
2001-02-04,3.562482888208207,41.30543684098855,6.8087533934804085,-20.434522278394326
2001-02-05,3.144118522043807,39.758214312999584,7.184790805312949,-19.078031932166592
2001-02-06,3.8004677108363056,38.78625145189325,7.782628513259208,-20.227691237896682
2001-02-07,4.880850837034971,38.43387594022496,8.264488223871917,-18.0335637612761
2001-02-08,3.947418334620835,37.632768923653416,7.7349063864963945,-18.93440515570278
2001-02-09,3.799233997564353,37.51518839602824,8.317718484314453,-18.54406502009092
2001-02-10,4.19234055642504,37.15569074210878,7.758940245661997,-18.216648300847243
2001-02-11,6.736220929855209,37.866038760157494,7.519197454158004,-16.559382426394983
2001-02-12,6.465451344092717,37.56723525675174,7.4529041068205775,-17.197774115350295
2001-02-13,5.112831620486278,39.8563307303108,6.851722002350002,-15.993913373326036
2001-02-14,5.62520275286397,39.782768712749586,8.968380748425222,-15.910896810293979
2001-02-15,4.1091354148330215,40.60645916568212,9.68984821923252,-14.805679343612459
2001-02-16,5.357744812165817,37.729755335928864,8.830028776577016,-14.194287157539515
2001-02-17,6.6107920067380075,37.14442562995546,7.314316536446409,-13.51873795604185
2001-02-18,6.13808221040077,37.39377015300314,6.401919136773985,-12.630913637143498
2001-02-19,6.9126615177973925,39.7932870401884,7.797898032203791,-13.788543542362419
2001-02-20,6.063532068561264,40.89207765452136,8.32190972201568,-12.60596628923969
2001-02-21,6.409743592605771,42.37596243119498,10.761024653138618,-14.502082942890059
2001-02-22,7.820960018829334,41.79652047766473,10.356102827282223,-14.361131642629507
2001-02-23,8.277245290372656,41.56363753311704,10.048668333495167,-14.318174233624639
2001-02-24,9.024211126580887,40.73468262020658,8.201326251033336,-14.369684540563545
2001-02-25,8.765644839742812,40.60583698314491,8.751920005799647,-14.336723654683631
2001-02-26,8.304124462441296,39.90515823247515,8.870258199734971,-14.2964200167044
2001-02-27,9.08801466001215,37.848440228876086,8.560262554319776,-14.814776690003564
2001-02-28,9.993778110000495,40.819855636257735,9.504189868496816,-14.825147535137038
2001-03-01,10.603310428246763,40.509225463162075,10.105143013176601,-14.315099879695504
2001-03-02,11.459135916484723,41.72857621506336,10.796119468888634,-12.429346627279307
2001-03-03,12.225826103947082,42.27771350236145,12.309946352934949,-13.1288516562806
2001-03-04,14.719659667175074,42.92741887062546,10.684775553818612,-13.799082839655732
2001-03-05,14.413363434865614,42.915748003989016,10.50693720399293,-14.952748269537988
2001-03-06,13.936589594261308,42.250405595308436,10.163167985172148,-16.22283490380921
2001-03-07,12.089504635633785,42.811034119834765,12.128253597624404,-14.71050618870067
2001-03-08,11.943908080851852,41.942126972851774,12.313536144472677,-13.285830079255641
2001-03-09,10.943877361707562,42.022394692890444,12.74922721961601,-12.22504452772306
2001-03-10,11.234901597736652,42.31055867437236,14.853776317852713,-13.153764393770327
2001-03-11,9.604064484711147,41.73221813635376,13.590982077484972,-13.447731243322943
2001-03-12,7.935853871367169,41.593236070450175,14.628858242454232,-15.008009343394159
2001-03-13,9.081950144113494,43.31984493054259,13.469897721553888,-12.960189500301404
2001-03-14,7.677923934583567,42.687514033560646,13.821443587033166,-12.179031992944363
2001-03-15,6.970254302058178,41.65346703191519,13.56209869261453,-12.629936325798445
2001-03-16,7.795285343695536,43.18428807225856,14.108682283123336,-11.551881335997141
2001-03-17,6.996771085370262,44.6170313971439,12.836593278209932,-12.03837766430652
2001-03-18,6.569479062612275,42.9851825808925,13.008635443568721,-12.153792558587648
2001-03-19,6.487639706725591,43.946243931857445,11.958142304330751,-14.114847592794831
2001-03-20,6.899429855021127,42.74775240706592,10.510610837276866,-11.670465579163752
2001-03-21,5.931214848571581,42.991459452822966,9.877914078387825,-10.914214757444034
2001-03-22,5.106822080731322,43.57774047630988,9.639156120343436,-10.25730356649367
2001-03-23,3.8834754893212917,45.47677394237424,10.448661728297758,-9.823004383415903
2001-03-24,3.7947056517085085,44.975201721213445,11.149178700852579,-11.122789297255208
2001-03-25,4.817469969608856,47.212273917636594,10.044394278313773,-13.840404181217503
2001-03-26,1.8726914195223778,47.93821975012434,8.34780561755025,-15.667593588125326
2001-03-27,2.19268975777385,49.059816210655626,7.062941720686219,-15.167920157243213
2001-03-28,0.6271425752045132,49.92795242568402,7.79882783439849,-13.122073183384337
2001-03-29,2.0888011440558993,49.60140846400177,8.394816844441465,-15.09819127184638
2001-03-30,3.3618489765259847,49.7866722918406,7.845759936852748,-16.424172590341303
2001-03-31,3.1239169388039665,50.89201437020011,7.138164700104459,-15.312222748646684
2001-04-01,3.4759107464850993,51.249271726601876,6.068409772005429,-16.60517996330716
2001-04-02,3.8305456128465893,49.39624727693156,5.632418210524068,-18.213802606885512
2001-04-03,2.692507682300797,49.89957738902409,4.1575902641952025,-16.836300094736664
2001-04-04,2.808950268893808,51.50683866443028,4.833204775153988,-16.139728230654296
2001-04-05,2.66424613885809,51.29315726749031,6.955467186785461,-16.62955225301341
2001-04-06,2.4907725736288695,51.26891765719168,7.15049920517215,-16.59850358238864
2001-04-07,-0.03352059036284105,53.19631590887829,7.728936489726199,-16.845741037372377
2001-04-08,-0.35031465410455714,53.561877154682946,7.9805726398334205,-17.82971687737237
2001-04-09,-1.0361214684931526,54.28606160889575,7.431201761675371,-18.089076571984602
2001-04-10,-2.340505682694416,54.3359050899594,7.409763449270748,-19.269623179997737
2001-04-11,-3.52181673512614,55.047994524136826,7.624073265265198,-20.97021623897725
2001-04-12,-4.431004545282911,56.10452768589607,7.5993832018530405,-21.42472550347984
2001-04-13,-4.872288506799529,55.7904683652045,7.337841214878388,-22.492066267174998
2001-04-14,-5.0586755685507585,54.66931361999244,6.911632002867337,-21.906966144774227
2001-04-15,-4.288339755520018,56.3626135477623,7.38900594174418,-21.762260383618305
2001-04-16,-4.901168547740466,56.92873966884208,7.017354993480388,-22.405317751682116
2001-04-17,-5.400080550580478,56.951649375860406,7.74080284394765,-21.956582842601847
2001-04-18,-4.7505433401592585,58.67042336158903,7.945784956827425,-22.732033687639362
2001-04-19,-5.291197080049722,59.51661518626204,7.580664853000261,-23.263278436105875
2001-04-20,-5.609393894072172,58.2503618957675,6.5489445361176415,-22.323597147952633
2001-04-21,-6.173301870066552,56.69242389697797,7.137751893899443,-22.489067088600137
2001-04-22,-7.159601384932904,56.55206591630065,6.820925525156028,-22.675557819187773
2001-04-23,-8.734236233610678,56.969701984911495,5.115311024654153,-23.328252908920415
2001-04-24,-6.761556094994827,55.517882527156864,5.398691246020238,-24.426743187304584
2001-04-25,-4.728574444450588,55.7555879547508,4.673993303217247,-23.71083976103074
2001-04-26,-5.078569791384153,55.167208941625354,3.5984740752490785,-22.066681323736866
2001-04-27,-4.220503175827737,54.95185169592959,3.6563996620715957,-19.77066424108021
2001-04-28,-3.666985481221383,53.623179831618685,5.448689507129034,-19.850070204117564
2001-04-29,-3.112937701657554,52.6717103167929,5.291984346255076,-19.374203740877903
2001-04-30,-3.1554610483375183,51.61900942380438,3.9529398137229315,-20.35785572828487
2001-05-01,-3.310266159796065,50.68611242824788,3.1417523239326375,-21.851179471909845
2001-05-02,-2.2492543156080482,52.04130535757711,2.735060636829865,-22.525499272854532
2001-05-03,-2.193664195628894,51.396905936536385,1.9787369359295695,-20.7608903153861
2001-05-04,-3.575847135070668,52.44073955011544,3.1342354728252304,-21.398294201934682
2001-05-05,-2.291249256707202,52.52665389818628,2.9898131952094404,-18.778414957544687
2001-05-06,-2.1965817270651637,52.43367028376346,4.9107753048553775,-19.000945231353413
2001-05-07,-2.7294202005216945,51.72913923149159,4.67961104635626,-20.01366372193563
2001-05-08,-2.1811671193943596,51.58186109919614,6.005755654709959,-17.857065398970242
2001-05-09,-1.6712953806470632,52.88434576928928,6.025321139890517,-17.373150612046327
2001-05-10,-1.6783489190008445,52.00510337422507,5.9339324610074335,-17.93106691823575
2001-05-11,-2.1842903811913468,51.202681816868484,4.93768309726809,-19.588204599471826
2001-05-12,-3.9537398023902943,50.36265204809261,4.387937025760573,-19.288662253739297
2001-05-13,-2.257068677829751,50.38398691136728,4.595234177151782,-18.61833478082958
2001-05-14,-2.8870739384992348,49.571777122753296,4.797317039903573,-19.00339249815034
2001-05-15,-3.6429467276833893,51.06468017524152,6.882250722705756,-18.397449355398823
2001-05-16,-4.2676105708270615,49.33510690420924,7.6700117461087585,-18.53065109298574
2001-05-17,-4.231352203875883,48.91435092788115,7.3430117946145845,-18.458884224158794
2001-05-18,-4.157872764980957,48.05240442419051,6.26765432254348,-18.194148819418555
2001-05-19,-3.681062521446277,47.46132071954377,4.5616284356053525,-19.1422342462974
2001-05-20,-3.054135296444258,50.05353850794299,4.1640336560224505,-19.375995424509718
2001-05-21,-3.3358777540699345,50.41665783230481,4.337474580126299,-18.391651132331578
2001-05-22,-1.6254080799280006,50.73269639839736,4.0678562281746355,-18.859344726898943
2001-05-23,0.5556867578586238,51.14691256016912,4.151047448210173,-18.108168480971486
2001-05-24,1.223747672048002,49.11153220791244,6.294519123359164,-15.375666653997332
2001-05-25,1.482889711985692,48.40277073063561,6.523284390985673,-15.221673109858143
2001-05-26,1.6453497929000336,49.552091190183745,6.17188005164761,-13.922683348940938
2001-05-27,1.7220991915135768,51.83089855574834,7.036926990030998,-12.951060452463157
2001-05-28,2.210052416677772,52.6532630998365,7.796178118028955,-12.478808514277342
2001-05-29,3.088280920823965,53.30981773529774,9.384429398182428,-12.256249553015031
2001-05-30,3.4633732271648725,53.34472326400829,8.828163267936432,-11.770470971630795
2001-05-31,2.8365509919815355,53.96216820684386,9.787068691126647,-13.512770526484449
2001-06-01,2.238539880228306,53.38917235961637,9.344956271449636,-14.274986446078023
2001-06-02,2.085061266474907,54.10079033749222,9.888568650377707,-13.129031452948457
2001-06-03,0.2915613401588526,54.45515712899499,9.959419629981806,-13.008579297337699
2001-06-04,-1.30895742007638,55.07422512829632,10.5130637934085,-13.892300911395802
2001-06-05,0.9578292528599468,54.72919950757195,9.450492776094272,-13.23161393899282
2001-06-06,1.1962225172207215,54.74717638866955,9.54079638368241,-12.175754294450126
2001-06-07,0.48241371903065033,53.76572288899378,11.359330592106677,-13.3352840146301
2001-06-08,0.25848230382894694,52.4999240140074,11.885320760516729,-15.536843731192288
2001-06-09,-1.3850276911329604,51.34440816024021,12.054491922880327,-16.422623936936052
2001-06-10,-1.1442048470930515,51.00290864814075,11.504022274629014,-16.008041511990363
2001-06-11,-2.0331928015327057,49.7979079388939,11.383509910466119,-16.93699353283469
2001-06-12,-0.9400582001507469,49.2889954971199,10.931791498626474,-17.188272186198127
2001-06-13,0.12120235390068879,47.04753549536724,11.262681750785106,-17.878240944210834
2001-06-14,0.5994251408570423,46.025861313598746,10.831442746693252,-18.02062777599173
2001-06-15,0.665149989830165,46.00968355770619,11.332993656574699,-16.975668686773457
2001-06-16,0.6458447591243217,44.76113550652658,10.975712033371542,-18.49590883883104
2001-06-17,-1.4090577362682104,45.00501147975576,12.986888468139338,-18.95967638421198
2001-06-18,-2.4951884624129406,45.17134539072451,13.850299131433808,-19.252851902519403
2001-06-19,-3.6652202518501475,44.89901095207969,14.388959803329383,-18.340222809581295
2001-06-20,-5.451639910402763,46.09542108084108,13.179506642358266,-17.839518933499587
2001-06-21,-6.405203767337953,46.66119446424802,12.83623595759142,-18.804558202663912
2001-06-22,-6.0914070627126,46.89239384534017,15.674641837091507,-18.10538887171793
2001-06-23,-7.679713439363836,47.387136273108865,15.25115165275208,-17.228800012277343
2001-06-24,-9.418195165200371,47.11222800929904,15.223516112751454,-16.91672497331746
2001-06-25,-10.011891022076517,47.66606614582731,14.206192435643718,-15.565753098281542
2001-06-26,-10.664770939665843,48.6751938518189,15.510344811430496,-16.53874468638761
2001-06-27,-10.438847051031317,48.744950198565256,14.859431996199758,-15.820253075730548
2001-06-28,-9.610898578457888,47.425456215480544,15.836457489388774,-14.036106270048405
2001-06-29,-8.54610772791137,47.827105107607395,15.782091239510036,-15.520679254238813
2001-06-30,-9.444282016929161,46.615175148943,15.899173745311217,-15.528367560962586
2001-07-01,-7.332530733538135,47.383443274140205,14.262138881636714,-15.430579688640758
2001-07-02,-7.612992595594444,47.02538254183423,14.343016843770783,-17.029507282696812
2001-07-03,-7.671080915717848,46.90270157509336,14.35901766089125,-16.947684520739077
2001-07-04,-6.5218101910889175,45.697575917053854,12.565963211439646,-17.44554458380811
2001-07-05,-5.672900868885085,44.319164982200675,12.711435881351159,-17.93182133342055
2001-07-06,-5.198068352892326,45.07451117592365,12.646099505902297,-17.91222309663466
2001-07-07,-4.963677201266704,43.521195238216805,13.631837816277324,-17.424510762152615
2001-07-08,-4.215705752107445,43.09561942010982,14.49940493026473,-16.312424791695143
2001-07-09,-2.689062338667635,42.51264393093114,15.14379219335071,-15.453981388218144
2001-07-10,-2.342162029027222,42.22484857091541,15.681053959916152,-17.325120880697337
2001-07-11,-2.344899991383834,42.800055231614046,13.83277329680809,-16.878719596477474
2001-07-12,0.09193526804359653,42.003190605634984,13.128508720339521,-17.661726493031807
2001-07-13,0.16924070251134118,41.729744826438804,14.053962596371962,-18.445103635010934
2001-07-14,1.7442450916449528,40.84657224529837,12.966118504782605,-18.80850431002918
2001-07-15,2.404408503682526,41.200766253996335,12.5769395513199,-17.816457774951413
2001-07-16,2.345148344577885,39.44992014506201,12.013450484038165,-18.293277732752898
2001-07-17,1.6332490929165304,39.52063970343012,10.998292695194092,-17.02311935151611
2001-07-18,1.901193189885874,40.67063375140252,12.289041229899627,-17.795607607417878
2001-07-19,0.4410788917011166,41.55209350685995,11.026589330070756,-18.101518999569368
2001-07-20,0.780285503573906,40.444465555239155,11.414700897893857,-19.797895859341207
2001-07-21,1.8823361837359438,39.955668700157474,11.570176225601184,-19.158831065628046
2001-07-22,0.36275886381953404,38.521365434574015,10.830015216810004,-18.181117050538663
2001-07-23,2.467783816180297,37.71926026834192,10.806566613813402,-17.803843265345
2001-07-24,3.58662646240854,37.04919005908622,10.850266504001638,-17.786277730095797
2001-07-25,4.322382963585866,38.21448640034333,10.280411978530168,-17.82842425758046
2001-07-26,5.297117303860034,39.748814047139184,8.477182318595114,-19.138487556666895
2001-07-27,5.355636689232295,39.138599812888124,11.182270667522442,-19.724701906960053
2001-07-28,4.154916841938492,38.4060752382905,11.939417133952944,-19.54022401679379
2001-07-29,4.430627608176935,36.90521978380331,12.101490332440404,-19.27486227513144
2001-07-30,2.925740493344991,35.98541454702138,11.0070009793705,-20.52693951187959
2001-07-31,3.0258562491331595,35.812846509067995,9.893591001090464,-20.096839577475208
2001-08-01,0.7441523947478932,36.446590875108015,8.764577817682948,-19.917449211165668
2001-08-02,-1.0364693617894782,35.612735798386716,7.874737593657417,-19.581834546947366
2001-08-03,0.22172073607432763,33.804496439065296,7.403025211681036,-19.79743092601113
2001-08-04,-1.2120575111744858,33.69124032004097,7.876266057717544,-18.71648748659824
2001-08-05,-1.0545219626809708,33.31930248213625,8.390117038291454,-16.264318258069455
2001-08-06,-3.0608749589684736,32.56391068313096,7.224072502524973,-15.66875916124294
2001-08-07,-3.557534146554071,33.06706713968811,6.453057908947469,-15.107086266749155
2001-08-08,-1.698664376166941,33.9939913429164,4.0103838487864145,-16.12486144621747
2001-08-09,-0.8820645638420398,32.764004051274895,2.9079039191446463,-16.84791145922766
2001-08-10,-2.0235579122388403,32.19139187770806,3.7364357228578156,-17.45253668557508
2001-08-11,-3.3236530080326103,31.629662482779917,2.969598614421038,-19.927026730692223
2001-08-12,-6.325833179049772,31.26172871975243,2.5988306724374723,-21.40916210065267
2001-08-13,-5.962659992819467,30.408189841342367,4.258470390650851,-21.42451726407445
2001-08-14,-6.725903241333357,32.4806251802126,1.838065667388538,-21.010830567898516
2001-08-15,-7.352658474868723,31.545195656261427,-0.6374182391535572,-19.424316637544447
2001-08-16,-6.709613319786555,30.653872840998485,-1.484004454705313,-19.446464006724707
2001-08-17,-6.1800044033535,30.831845626410583,-2.6849433341167623,-19.82678008453327
2001-08-18,-4.460286791348815,30.774114528281427,-3.4888306661591657,-19.610721057706254
2001-08-19,-4.916019504820997,32.21245861513729,-3.320580806800783,-20.21978454837255
2001-08-20,-2.5013810829927308,31.932684563576892,-3.6590284769394095,-19.252254958367995
2001-08-21,-2.3341548533636973,33.43753582551363,-2.7543304519560134,-20.674740991448132
2001-08-22,-2.514580571886842,33.5900348132848,-2.919659560841205,-20.378822823417583
2001-08-23,-3.1621918890053786,34.142124418538074,-1.9350819083070112,-20.835999468788938
2001-08-24,-3.862751499784297,35.67578483233609,-2.185091835479116,-20.117120718218587
2001-08-25,-3.8472856668378754,34.63680756393945,-2.3905036095566747,-19.746470326355208
2001-08-26,-3.748884330081105,34.77551319717021,-3.826807601732921,-18.960247975934116
2001-08-27,-3.5574038193056254,35.11263393628659,-5.212019283304485,-19.322616813988507
2001-08-28,-3.1167440269316495,34.20307519717971,-5.297177700940381,-20.218241968341772
2001-08-29,-3.311938368373418,32.46108268177905,-4.78311510817492,-18.863692865645902
2001-08-30,-3.0345460087224794,31.992803716267872,-3.9493100938916545,-18.4083481635127
2001-08-31,-3.0907869732266264,32.07411536740679,-2.9250296618023297,-17.798815270800347
2001-09-01,-1.8964762305286236,31.446474241060464,-4.970687623117055,-18.90268530030892
2001-09-02,-1.478807531483115,30.415157305347034,-4.611045962367882,-18.825547634480078
2001-09-03,0.6118130006117992,30.173998806781814,-4.924806831115757,-20.339775301196692
2001-09-04,-0.49443031822836914,30.36312054448037,-4.419449465645056,-20.671300767391173
2001-09-05,0.49463236150340284,29.249371881456668,-7.097774600247257,-19.51828767174979
2001-09-06,1.942545395647402,30.092690151755775,-6.604040478421987,-19.092317078508753
2001-09-07,-0.24069204331491978,29.61299736877954,-7.020524743811488,-18.5153278526688
2001-09-08,-0.3163218373854523,30.597940100894867,-5.103016869481974,-18.320481778843217
2001-09-09,-1.9440508399027783,31.52208706527068,-4.67028981777282,-18.14709045665237
2001-09-10,-1.6539722045797358,29.48519320741336,-5.652004293679324,-19.356835145275834
2001-09-11,-1.3878318707398867,29.72376635054616,-5.435162538452233,-19.724705651732275
2001-09-12,-1.2012408220321318,29.8353730205072,-6.165460153864472,-20.404058951787114
2001-09-13,0.09251080084684293,30.29778828526447,-6.5078006887103665,-21.888503079830727
2001-09-14,3.3282868275051287,30.745360131076076,-6.697882396395043,-22.571732942058922
2001-09-15,3.199455623011232,30.908952983119587,-6.187931029492747,-24.124965738183953
2001-09-16,4.2215966645589935,30.85131039689893,-6.44284512030289,-22.828862154969553
2001-09-17,3.6984447310450865,30.018164960101387,-6.425361351381409,-20.74449631915949
2001-09-18,4.144407165261292,31.714236080482074,-5.34434094424523,-20.95676240427241
2001-09-19,4.027225620186791,31.028837561635545,-4.943136454711998,-20.028750710374062
2001-09-20,2.0818976515944474,30.78939092248323,-7.059372567052739,-20.227651618267362
2001-09-21,3.3543017577419425,31.0089495559426,-8.758688354983365,-18.91009399660179
2001-09-22,4.988957403611499,31.353444858710137,-7.544981948776892,-17.784220830126024
2001-09-23,4.358089237994004,32.274100994586775,-6.391404263535767,-17.97263479048474
2001-09-24,3.122020417076296,31.980194059469003,-7.638467535924642,-16.790567296784218
2001-09-25,3.7676786385299756,30.615900505119182,-8.049429677207703,-19.778588585381915
2001-09-26,4.51238120494263,31.146635486248808,-8.422393854345971,-21.035765846525575
2001-09-27,4.632451711699755,31.337561704163,-9.666170864314065,-20.634838001736057
2001-09-28,5.784280960640649,32.10081788459844,-10.37217402008912,-19.470572485608923
2001-09-29,5.703704403506486,31.505095902755166,-8.440241464587999,-19.684916636712583
2001-09-30,4.78611611808129,31.04125604865426,-8.910865752121301,-20.53573485250464
2001-10-01,5.240795987746888,31.379031060068,-8.423339492667656,-17.529384888242078
2001-10-02,7.529163688899987,32.06127717813128,-7.137013241562783,-17.447511316147907
2001-10-03,7.474667494662434,33.33468467155076,-8.647862870042566,-16.580235944957288
2001-10-04,6.87385301211527,33.39949260184724,-10.061348604738098,-17.186077005489633
2001-10-05,6.794962373722242,34.15678729302859,-8.910512082827768,-15.022675823979208
2001-10-06,6.083327218513331,34.68349625686184,-9.118210019458289,-14.218819947071118
2001-10-07,6.61395187215036,34.69696995336073,-7.373521573459312,-14.605031073348485
2001-10-08,5.605366418861191,34.84452052745886,-6.666528642795271,-14.817544080552747
2001-10-09,6.247484575161091,35.75704953984003,-4.641094100970953,-13.196267911590096
2001-10-10,5.593035046821036,35.20372530344582,-4.03090382762805,-13.253531772572408
2001-10-11,6.044885099871109,35.30508368791125,-2.1385734757607384,-11.602928125862292
2001-10-12,6.563906700577328,36.56879525108774,-2.5908192118801563,-11.833068367860365
2001-10-13,7.645652564100969,36.60367096495718,-2.3885911322854008,-9.37807364702702
2001-10-14,8.846968206247537,36.995199940383465,-3.1422861479502764,-8.602513339900224
2001-10-15,6.839252852169004,38.91931100775229,-3.7207687447995625,-5.610334829324742
2001-10-16,5.979511022549503,40.269763457765315,-4.597741054148946,-6.4486544828995465
2001-10-17,7.551974523521554,40.835305083482545,-5.607146038824865,-6.0178659524217375
2001-10-18,6.7564508516211825,39.94125204960319,-6.161059329674375,-5.535790110455972
2001-10-19,6.8848297285854905,40.08308549209161,-4.234320308126655,-6.143550055595722
2001-10-20,6.362587986661329,41.03029943506917,-4.087942453159616,-6.761387060547406
2001-10-21,5.185821097834937,41.542005514745526,-3.407535966762256,-5.735137733994375
2001-10-22,6.056872842949233,40.852696662241506,-3.3596017776909237,-6.447237730839461
2001-10-23,6.0805339811756856,41.350054317263286,-1.5589562235579628,-5.2997160663902445
2001-10-24,6.704035090975306,42.59761245474551,-0.2782968572286173,-6.919263050609727
2001-10-25,7.155194239976154,41.119237027140045,-0.5971422715254482,-7.063559450972894
2001-10-26,8.161810889723196,43.039285091696655,0.46469315012175905,-8.838202293258488
2001-10-27,7.877503429436841,43.38036808467389,-0.23995905668540995,-10.700173528882356
2001-10-28,8.127659465305394,44.921684208797856,-0.3251028057384563,-11.8147229764454
2001-10-29,7.659017775445357,46.28815186470598,-1.9558305788160766,-11.254871251583559
2001-10-30,6.420507747224211,46.017456389890285,-1.6249437795465953,-11.294165283612132
2001-10-31,8.646570732076682,46.68720133403885,-0.3725075312895849,-11.105343633606902
2001-11-01,8.393042887675156,47.09836314751805,1.0065988760968285,-12.519801314229513
2001-11-02,7.670870199391623,44.875131957351606,-1.2991042406904756,-11.384264654586165
2001-11-03,8.311782205557636,43.44015985674139,-1.2699342677919674,-11.056382946578854
2001-11-04,9.134101023494585,44.11956837756549,1.1858070177010012,-9.795259162540699
2001-11-05,9.687582319695101,43.0560342509322,1.2241735072180828,-9.740191537442119
2001-11-06,9.694076056730676,44.10581207273723,1.4967672403078383,-9.43545467713344
2001-11-07,9.90262433109693,43.53586449343707,1.5000302575447797,-9.14426725666972
2001-11-08,10.741560698966447,44.18376057911485,1.1593227698881112,-9.201638878173966
2001-11-09,12.253627315728568,44.84696965001313,1.658187392632252,-10.231455870347627
2001-11-10,12.62153524628209,45.03532454563077,2.485518530486827,-12.482619513691953
2001-11-11,13.141097867966891,45.538937996825034,4.692704677262546,-12.975122342342553
2001-11-12,14.264010907035404,45.05652368617734,5.183169820223797,-13.466052803496629
2001-11-13,13.864439345307597,45.86738392822882,5.751946303864127,-13.21254531097145
2001-11-14,14.009972327329876,44.93312043251229,5.058120018606058,-12.89278385380278
2001-11-15,15.371432055883625,44.804468091813554,4.748637411204036,-14.58739681436127
2001-11-16,14.310649850335375,44.00453139612858,6.351298599726226,-15.549726356196203
2001-11-17,15.027155477921827,45.4127896750079,6.772634375420857,-14.696063331680783
2001-11-18,16.032562066645564,44.45067587895282,5.846378486532142,-14.872480724238594
2001-11-19,16.077940571180488,45.94298023944167,5.079141959893458,-15.528099255264518
2001-11-20,16.430730334616243,44.04936568943943,5.21681251254369,-15.618305567306674
2001-11-21,14.955450017810685,43.607719658648556,4.221441435785935,-14.486701923629157
2001-11-22,15.416702810771815,42.26375784657898,5.291941025211247,-16.292470774773413
2001-11-23,17.065747967690445,42.350029269916874,4.170391156154983,-15.318198442371957
2001-11-24,16.14834781514925,42.52796550722951,4.396019330456524,-17.31797942929502
2001-11-25,15.25904582638466,42.53019299847484,3.6108954679535197,-17.363905880479237
2001-11-26,16.51738159466094,42.61725850651844,2.6128814236825084,-18.152876267313335
2001-11-27,17.156872335966472,42.08244720454483,2.0046638730102897,-19.980055144830303
2001-11-28,17.6853001933315,43.90451420302711,1.3473067156810046,-19.43619364438285
2001-11-29,17.249675264919137,44.39152176838368,0.12437290820756708,-18.022976521210083
2001-11-30,15.70382593172531,43.12539675537875,1.4204603923311472,-15.16157545683177
2001-12-01,16.14375628747079,43.219271619999155,1.8902054952528915,-17.073215723724132
2001-12-02,16.973542244139505,43.323995041522885,2.0768408596556824,-18.837950665418916
2001-12-03,16.99315309506261,43.74474053542844,3.231341366418597,-19.790748629377944
2001-12-04,16.63229206853913,43.63455413238915,1.9300802329370512,-18.896397998828927
2001-12-05,18.884335471874486,43.175053765929,1.649064129803973,-18.560164330808544
2001-12-06,17.98901933909077,43.939663213657056,0.1724151994589318,-18.268737019689365
2001-12-07,16.56348274356487,45.5187450163289,0.6860007824270448,-18.89010671855733
2001-12-08,16.368179632013025,45.66966684350542,0.22120115925757167,-19.396263483887022
2001-12-09,15.684535959417342,44.036289459539525,-0.004713019097949606,-18.11151810498916
2001-12-10,14.82162168275167,43.12958063714312,-0.46289178187797053,-17.633363025339104
2001-12-11,13.291580509758674,42.39192585912927,-0.7527971818484489,-18.34042329991387
2001-12-12,12.731342409400456,42.46863246531233,-1.6416405701596979,-19.67621893665353
2001-12-13,12.831021966508786,44.14307701745697,-2.966379985209347,-18.46212644858114
2001-12-14,13.137285255301633,43.98247681510521,-1.9322598453770037,-17.844232934161038
2001-12-15,13.390996124365385,42.26191950962641,-3.462845751484263,-19.153543913335298
2001-12-16,14.124104597952456,42.74338038805411,-3.8425384513006167,-18.68327026007376
2001-12-17,12.057909186234646,45.03662024970255,-2.6095051840830576,-18.010542365631693
2001-12-18,10.405211883130026,46.88335292855259,0.40886830084458525,-17.93145221593855
2001-12-19,10.700468570092298,46.0479031126229,1.1084679763831513,-19.24736132014806
2001-12-20,12.806147447209781,45.14542645695284,1.1944421557448137,-19.777386115231256
2001-12-21,13.522082217773281,43.66399814189501,1.0935037960779828,-20.778326258575927
2001-12-22,13.614250341463785,43.50121270515423,1.2608604039101696,-19.343331345259667
2001-12-23,13.899483344100801,43.87028510672132,3.5479953612196624,-17.785999038672283
2001-12-24,13.721975447762155,43.821591748539916,2.7083775757304234,-17.214741191790214
2001-12-25,12.265144969559678,44.24578912734442,3.358719710739426,-16.00496856750737
2001-12-26,12.830686847725403,45.36038077132544,2.413060336962706,-14.873519976727136
2001-12-27,13.894110906773417,44.35142314030291,2.786192288125928,-14.316844390734518
2001-12-28,14.388876728162158,44.13053886454122,2.2579934813141245,-13.875700490892592
2001-12-29,12.542502922654744,43.17012994526235,2.3747546689205445,-14.104812858529638
2001-12-30,11.533654192059952,44.21271360691656,2.63006791628317,-13.908555712915472
2001-12-31,12.678337861827371,45.267435458068555,3.788011538757589,-14.729958700704142
2002-01-01,11.685160137868655,47.11229649075573,3.261413262387056,-13.61182036008849
2002-01-02,12.203994435093929,47.39030306108138,2.0051859153161464,-12.90563069831264
2002-01-03,12.708690853493607,48.413643702081636,1.228484896466571,-11.642106807023751
2002-01-04,13.300556053455427,49.237260907151544,1.8720831569854237,-13.04062651201331
2002-01-05,12.297279358353695,50.53207199432844,3.6148468719531066,-11.474965859263763
2002-01-06,11.402592193845896,50.421505640130626,3.956653244530237,-10.540462074113202
2002-01-07,12.358275839040758,50.41650382341269,5.8162264620583,-11.05847579477711
2002-01-08,12.864877543505768,49.536354568695735,7.684682491526706,-11.858908460616886
2002-01-09,13.205428641875928,49.66954965287213,6.62238953738005,-11.923372310858673
2002-01-10,14.594494998532431,50.49076788035784,6.294224184989502,-11.440609396257333
2002-01-11,14.954041617665562,49.14654295454831,5.673961152885987,-10.44973247938152
2002-01-12,15.750045993717888,49.910929637038535,3.4859475595492033,-10.822941743019706
2002-01-13,15.878445652095952,48.990290542860336,3.46809550481821,-11.9139272027466
2002-01-14,15.808260226233175,48.87289224065674,2.4636398351009,-12.240833585108836
2002-01-15,13.73419654208244,48.76056620241082,1.3802264135872109,-14.035436120284228
2002-01-16,14.519856562630403,49.87986402687795,0.5238799528844672,-14.140239892860079
2002-01-17,14.03730542909235,49.67230065847976,1.4072538509181922,-13.483520362592838
2002-01-18,14.999713023648786,50.38766698534529,0.6632833285008041,-13.910076570178692
2002-01-19,15.684310363605526,49.87773212183145,0.5775606763839343,-12.348679426149479
2002-01-20,14.439729161591675,50.3519431944119,1.3310082776839243,-12.586065822108752
2002-01-21,14.490581493786749,49.80317932408395,0.8194420468365843,-11.42626198326256
2002-01-22,16.109056571062474,48.224810623507224,2.199858914831611,-10.214613829746645
2002-01-23,15.861936785586574,46.62471682215937,2.479625068500037,-11.53589031636471
2002-01-24,15.516858479605387,47.02074270327012,2.5438946804747538,-11.277116652661862
2002-01-25,13.56050849371918,46.35295763301738,-0.2384959335395198,-13.578879960586509
2002-01-26,14.636084128169765,46.4530588273105,-0.5415960934866954,-12.626259514224465
2002-01-27,13.850321775334468,47.071408165857804,0.5953251235519376,-13.077048946913912
2002-01-28,15.090885693264958,48.56280664715357,0.13135990484818427,-14.240127614013339
2002-01-29,15.96003810465505,48.75419432469106,-0.03220996418443364,-13.853235694271126
2002-01-30,16.243356498278192,49.06836916910095,-0.32633518549357565,-13.643614556221108
2002-01-31,18.036203037976748,50.56252266129886,0.8823477453552764,-12.069852104097778
2002-02-01,18.570621040669756,50.01812872704734,-0.06877864561226299,-11.2319791332292
2002-02-02,18.548926584710415,47.99277425634784,-0.9549504283117402,-9.864678291620255
2002-02-03,19.348851877231677,47.58830323233697,-1.1576131831576808,-10.544987124428596
2002-02-04,19.21872894338344,47.925742126441484,-2.832499674950336,-10.676458096152926
2002-02-05,18.62890514654569,47.46270676211199,-4.1865421665365385,-10.829776470407568
2002-02-06,19.279227365136137,48.292888210529675,-4.167340494265461,-11.025412448066794
2002-02-07,19.42315311608612,48.19901053893864,-5.139234480438369,-12.694578211547817
2002-02-08,19.636394568064038,48.54064348644861,-5.290992611327883,-13.396503129608385
2002-02-09,18.83425844336402,47.8637152044721,-4.180592171880214,-14.83576643232611
2002-02-10,18.89374939878824,47.137586369331345,-6.048159033742251,-14.985816057577763
2002-02-11,18.216748103542695,46.485713083885884,-6.136279735363216,-14.776078524496832
2002-02-12,18.3947120040852,46.40560171505379,-7.0071161578868955,-13.988041880453304
2002-02-13,18.956789186978728,47.143860015236456,-5.977938926236064,-15.577482322086219
2002-02-14,20.055416487241363,45.87761478227052,-6.459946555384134,-16.74548914182418
2002-02-15,19.946110919187046,45.36541515061082,-5.42833998085195,-17.830566425938418
2002-02-16,20.8938346686789,45.09187820833354,-6.061540363840299,-19.08672214979366
2002-02-17,20.047254329732677,44.55403143855889,-5.6965398191400345,-18.176971197443226
2002-02-18,20.813278187634644,43.675709824173936,-4.680742198863413,-18.446132012348315
2002-02-19,21.063328870672496,46.03516244747742,-4.706501873940391,-18.978160208233266
2002-02-20,20.620041516741033,45.75469960017745,-4.074040597573454,-19.792021987345414
2002-02-21,19.84528778766741,44.6561118548635,-2.533244123501995,-20.40949635375588
2002-02-22,20.375056472626287,43.26973436852789,-3.541104567276387,-20.77901100505069
2002-02-23,20.35024060964457,44.28821148050337,-4.013447133361567,-18.695957875460493
2002-02-24,18.362212836124364,43.899792509211274,-5.883969071523383,-18.78424423219822
2002-02-25,18.437214548295465,43.67951632389906,-4.572962086975822,-19.694885931978572
2002-02-26,18.17268589915302,43.8159528774963,-2.8214450125121253,-19.962020566580193
2002-02-27,18.495862707665587,44.06523491484426,-2.92409231300038,-20.520974782255465
2002-02-28,18.89415632972911,43.65005325399823,-3.0751324921813548,-19.089399012468196
2002-03-01,20.20265458951219,44.86510216906696,-2.7815570658283972,-19.237906425968045
2002-03-02,19.89153324490892,45.1176103752096,-1.1426559688082818,-20.139565978862986
2002-03-03,20.49386577744239,45.70429287674781,-2.1778890818115233,-20.19968904450152
2002-03-04,22.850694152564163,46.34473024901601,-2.334540921669836,-20.87580199167885
2002-03-05,22.968527416847113,45.40563383704878,-0.1778760646904809,-20.88361197328049
2002-03-06,23.106114479282883,46.75949282617543,0.7476543283238382,-20.55044915976313
2002-03-07,23.37214016715476,47.53839676876312,0.4311053823796141,-21.683497106961447
2002-03-08,24.230961247357925,48.155916411518724,0.5685788733670314,-21.624055959813834
2002-03-09,24.30521405659971,47.82118037612463,0.22109994412416073,-22.5545607835386
2002-03-10,23.931670278977922,46.97489179222123,-0.19888571468664068,-23.48385368081428
2002-03-11,24.12401240265533,46.39417270232435,-1.1525599849578214,-23.76407246169284
2002-03-12,22.9476256453115,45.7111485099412,-1.202996277062259,-25.64955136231912
2002-03-13,24.338467878019703,47.129237468623934,0.6596892214242172,-26.48186727014185
2002-03-14,23.35138625900544,46.079669124221,1.703364037180395,-26.184000925472375
2002-03-15,23.69506332288321,45.77873568619166,2.430759246291098,-27.22898566997412
2002-03-16,23.68371674312252,44.782578809946976,2.847428143769643,-28.637950584358503
2002-03-17,24.96674611254661,44.35064601478237,2.0406976262047034,-28.747743855162973
2002-03-18,23.401720219287835,44.22611029107697,2.4955379851546198,-28.516995587733017
2002-03-19,21.99029502983913,44.62748575514292,2.4561369004645495,-28.89635584852782
2002-03-20,22.615016101923015,46.52588061401592,3.321710409877717,-30.669069943728417
2002-03-21,23.695791319251164,45.5107388379081,3.2967675791499005,-30.0090763244034
2002-03-22,24.329369455286866,45.60565486466632,4.633507232298155,-30.473439195481575
2002-03-23,22.03115140179502,46.689897384095595,4.25298404464105,-31.53809321333447
2002-03-24,23.596498429621104,46.99158913320857,3.7918711992816543,-32.429818486706104
2002-03-25,24.066534485326663,45.55932777542811,5.780263562906627,-30.061382976553112
2002-03-26,23.763468387721492,44.520003887902824,5.3559531265871305,-30.360077710104726
2002-03-27,23.478695756376467,44.723981755445756,3.7994615250225414,-31.656471230632864
2002-03-28,22.371090932557685,44.62757643895709,4.96593749648539,-29.96807524324272
2002-03-29,22.390965698782257,44.010302219939234,5.0779791310153195,-30.582196161542477
2002-03-30,21.89976555321266,42.903162692653254,5.0122454049205425,-30.476054289105996
2002-03-31,22.783489164641008,43.42658287701357,5.627195862940397,-31.388514650326737
2002-04-01,22.947700289266002,43.04868424770198,4.5768436986082435,-30.662815061053305
2002-04-02,22.88505323990718,42.9105298322025,5.233396441325233,-30.921873644044787
2002-04-03,22.905654149390365,41.419465653962405,6.089002378764434,-31.890369271132798
2002-04-04,24.017552962816776,40.300075936087694,5.401889079631619,-32.935412117006955
2002-04-05,23.3785486311331,39.17384625527152,3.563176564139523,-34.2767242562239
2002-04-06,23.978154357776457,38.04729972945201,5.370533036981866,-34.87756266632214
2002-04-07,23.5236324727612,40.157692140777776,5.286523640268126,-34.27418411477
2002-04-08,24.018920030346166,39.92279218363942,5.683028413045266,-33.453097284444006
2002-04-09,23.25077664413386,41.23919603240536,4.001268845291463,-33.276537967782936
2002-04-10,22.26230662431747,40.68716357296097,3.4531716511323083,-33.39714291940134
2002-04-11,22.116285718522544,40.58940650247942,4.263682762554013,-34.82926775062061
2002-04-12,20.794877852098615,39.63571749371959,1.8411110599386582,-32.76322548699302
2002-04-13,20.339909925078025,38.049560035645975,1.0765615000064168,-33.06632264236262
2002-04-14,19.820041315057836,38.15936837225154,2.8715420442325783,-34.58517797408496
2002-04-15,17.59046949618418,37.85796145638933,2.9319691389425873,-34.56983658047455
2002-04-16,18.18468139677367,39.24312226088739,3.832534654579365,-34.30713415969255
2002-04-17,20.19555355121147,39.408204785488735,2.7048094674319074,-35.321323772228375
2002-04-18,20.990345062542165,39.995406817416615,2.3902192610167066,-33.45971825691737
2002-04-19,21.419584208909495,42.9015065628413,2.0696141650048876,-32.64339447330286
2002-04-20,22.252050370594464,42.96576740921733,2.387230732978269,-33.70127422819968
2002-04-21,22.379444226040075,42.64783483442541,1.9111015910603608,-31.33993797215926
2002-04-22,20.808646637918926,43.55652595452889,2.7080932686540136,-32.837783194598195
2002-04-23,21.28795976254211,42.56573530155048,3.890693493633324,-33.19058231992243
2002-04-24,22.38826694371583,42.62173524396397,3.2196023200912824,-32.38768523579175
2002-04-25,21.73851586414245,43.92274120755991,2.6046197396520148,-32.392807996638375
2002-04-26,21.120615915520478,44.22434895557086,1.7820842421903558,-32.84365678987818
2002-04-27,21.877747879536948,46.62783469865383,2.3956307213437023,-35.019500664905856
2002-04-28,23.136437918352897,47.35313502522352,2.9227785890337508,-34.570191738778774
2002-04-29,22.391744508571207,48.98858019936269,3.7660463432291014,-33.87509891307757
2002-04-30,20.87785204226087,48.03501132656682,3.1801622447358993,-34.38543156503144
2002-05-01,19.724278220399572,48.06364930523243,3.055639841920059,-32.29992386459809
2002-05-02,19.190938606551708,46.3075325395582,2.0779286351820496,-32.89883491341582
2002-05-03,22.096735901487257,46.93584721316407,2.033668148627583,-32.50422427084107
2002-05-04,22.054538016863454,44.86684521827855,1.5160413593366497,-32.5496501654868
2002-05-05,23.176230442798627,47.57320699646053,0.29700863943981015,-33.190483142479295
2002-05-06,21.31103879542915,47.83712345699653,-0.07301927609096132,-32.87315396014391
2002-05-07,21.634095903611033,47.22596756267699,-1.4517396069793254,-33.51728060269814
2002-05-08,20.873275288101972,47.40794080813703,-1.0218687489631293,-34.122769826134785
2002-05-09,20.291136367067168,48.27612935902566,-3.4564148688407466,-34.46627101564175
2002-05-10,20.626865343629245,47.51707115674144,-3.206017485157734,-33.585620117810244
2002-05-11,21.411905155866496,48.44531722586129,-3.7212937078895756,-33.32099803165745
2002-05-12,20.56492609682604,47.595784095568604,-3.9680599638619403,-33.117619625588546
2002-05-13,21.354361992741033,47.269463315623156,-4.811463149380071,-33.414929709587206
2002-05-14,22.415143666032073,45.41999006191903,-5.969035160787546,-33.70503309805
2002-05-15,22.37776459905662,44.91674736722385,-6.470594580644608,-33.08421300091677
2002-05-16,22.223261981089284,44.749790690137495,-6.31822141503185,-33.97496812531935
2002-05-17,20.228570746152865,46.33508926953337,-6.750190211386684,-33.117225684439475
2002-05-18,19.451142222741417,46.57643002460556,-8.888393817035642,-34.4384725975189
2002-05-19,19.368102867913958,44.853689420218494,-8.840095914992668,-35.62237557093151
2002-05-20,17.67281802854797,43.451458236305406,-8.06393190410417,-34.21937093847442
2002-05-21,18.80760008067744,42.546792355810204,-7.4295462134113395,-33.60363510200136
2002-05-22,19.344712185678382,42.183903460214744,-8.146417750743105,-33.67775848223567
2002-05-23,19.279363334895525,43.967805752388735,-6.649393699306195,-34.0025325037142
2002-05-24,17.983153035868586,41.843084509628824,-6.50134349132681,-35.764151330060315
2002-05-25,18.11415329465492,42.55013068002018,-7.705143868240377,-34.91133863498236
2002-05-26,17.866647935814022,43.8262930361545,-7.251139474681751,-34.91043769562693
2002-05-27,17.056550388741815,45.14191705665003,-8.120747095672106,-35.48242245199196
2002-05-28,15.294055170570696,44.9788246543806,-10.25191899687762,-37.840213454565465
2002-05-29,16.112175345948668,43.86474297161739,-10.582649941635253,-39.41831967198893
2002-05-30,15.710884398534795,43.15602103757246,-11.144929771897289,-40.109766214050744
2002-05-31,15.302850455936046,42.121510421212925,-10.570319409374338,-40.013700291307295
2002-06-01,13.945694183608621,41.335433195303345,-9.571545736936528,-37.691517032856524
2002-06-02,13.82032574691829,41.93938304804905,-9.555079667471908,-38.08332368772938
2002-06-03,13.121874235608885,43.042678557763516,-8.548758410589754,-37.87036853772949
2002-06-04,13.681583031383202,44.027348244320926,-9.640019888642257,-37.865171913777495
2002-06-05,13.16882296073726,42.98777085021597,-9.567372650335408,-37.59430580328599
2002-06-06,12.85162496044482,43.84490014284358,-9.885935264582377,-38.25599701867828
2002-06-07,13.293479954636982,44.36060982304307,-7.990163942707592,-37.12618640563266
2002-06-08,12.276400050380966,44.66826020246761,-9.31733978827053,-37.41205029229812
2002-06-09,12.39395157896633,45.252779106330344,-8.365445836210789,-36.90499630552095
2002-06-10,14.373248849114965,46.17877688214075,-9.29848520974687,-37.61404198277701
2002-06-11,13.902734541253531,46.63191019348947,-8.619451615805385,-36.281929226377756
2002-06-12,12.620482546801243,49.18982526027396,-8.10425082536395,-35.45731801746728
2002-06-13,14.008384206796721,49.96355153808545,-9.154096114212232,-36.58984330967308
2002-06-14,13.998503539618598,49.20142263526141,-10.691269223303896,-35.386365973311094
2002-06-15,15.233008562157202,52.176318865168916,-10.809128568234739,-33.789187241472305
2002-06-16,14.38876912062565,52.24467115951308,-7.674185092345277,-33.90120164949227
2002-06-17,12.668222468013559,51.88483138841824,-7.456006395995483,-34.58306707037076
2002-06-18,13.54501095179888,51.671857136166885,-7.431817653250793,-34.03535438740312
2002-06-19,12.170610641562709,51.041689723014265,-8.668803129660887,-35.13140296394023
2002-06-20,13.135175952568588,51.56154544573119,-8.837691881574894,-35.07971300536277
2002-06-21,13.35643912582919,53.89203339095762,-10.181698367446174,-34.38602226904996
2002-06-22,13.80558390829716,53.36169518582676,-9.164126612047717,-32.711128472256874
2002-06-23,13.749802252455305,54.081071394434595,-9.628316070086857,-33.3658436877276
2002-06-24,12.122292405084496,54.1822366172954,-8.80144082361888,-33.71652833644032
2002-06-25,13.227329774181662,53.66998912835233,-9.09538967317748,-33.598883834010124
2002-06-26,12.956505679172318,52.379425356027554,-8.273452340158055,-33.13783459578652
2002-06-27,12.682924538252822,52.83723992200825,-7.510753660087423,-33.257202204222956
2002-06-28,10.487322988684282,53.96421309374857,-7.686280842122976,-32.00495298174365
2002-06-29,10.695057074792267,53.27396055047162,-7.367621485881872,-31.20589591895113
2002-06-30,9.913620160759026,51.754114438927004,-9.345368041213066,-30.094762617627005
2002-07-01,8.593259443425914,50.628691079254324,-8.176146478335685,-29.89120977393257
2002-07-02,9.724064541919448,49.87514781539333,-8.639189130470912,-32.311652287359706
2002-07-03,8.625379344750353,49.387973762787986,-8.734284473906348,-32.48769743737098
2002-07-04,6.668412087611886,47.584408125172985,-8.774656132587623,-31.96898628662142
2002-07-05,6.0548039831353195,48.588947614635984,-6.883788479660582,-31.363610383244055
2002-07-06,6.885601319654616,48.52535292915454,-4.998496503717384,-33.041310206840905
2002-07-07,5.942169343390943,48.319242215919616,-6.828738302499173,-33.57667521232396
2002-07-08,5.172178468118492,48.503512822737285,-5.888005834624341,-34.91761950231156
2002-07-09,4.649675322988175,48.57092992197497,-4.869734483856952,-35.71112220193663
2002-07-10,6.148817628925585,47.6795879439323,-6.279170535968096,-35.94494444261438
2002-07-11,4.269572840120055,46.57548123657864,-6.016513194884273,-36.92804032322719
2002-07-12,4.659025498431641,47.468207963875365,-7.262148426211339,-35.45773851055573
2002-07-13,4.367504218627346,45.97858363932872,-5.067057786715003,-35.48446577690081
2002-07-14,4.899700894272933,44.80212676004128,-4.567696586496804,-35.8059097748761
2002-07-15,6.188195666271207,44.54138383448993,-5.001819783035115,-34.86532310495538
2002-07-16,4.821932184526083,45.999863985253,-3.968755283912521,-37.86976264776242
2002-07-17,3.8954275981453805,47.26151596612391,-4.476899802131712,-38.88120471439353
2002-07-18,3.706707718813513,47.625401035264325,-4.1109950440578755,-39.44436912305268
2002-07-19,4.727700554622426,47.32469876409235,-3.3809859230694608,-38.90040803137368
2002-07-20,4.438323263801012,47.346443080271214,-3.473153673353569,-40.10996734130722
2002-07-21,4.221633317538887,46.84043225367344,-2.932649626101157,-40.5767014946683
2002-07-22,6.522098436719413,47.55851964039833,-3.0739509711819863,-39.42632278444153
2002-07-23,7.598254824308316,47.45983944123852,-2.5171688835360735,-41.43105287153214
2002-07-24,6.570346130489611,47.69831735700929,-1.794595685104814,-43.34362466001037
2002-07-25,8.984468914716317,45.58678799273471,-1.248951574758705,-43.3320011831401
2002-07-26,7.361538558361193,45.148451358557665,-0.5898395137668349,-44.59860293883159
2002-07-27,6.751137132608292,46.57263814800915,-0.4809378367250165,-44.787208507700825
2002-07-28,6.800589092634208,47.192991868023,-0.6758263522377005,-43.96446163520848
2002-07-29,7.396489009237157,45.42218848991447,-0.7600589761886091,-43.96004700921102
2002-07-30,9.097067497562309,45.54891476337639,0.4239328528986176,-43.09691819034945
2002-07-31,9.697900896791278,46.41391931689738,0.3988135271426427,-41.6010805329358
2002-08-01,8.928036646574437,47.44251450404944,0.3166838025147427,-42.118779246812345
2002-08-02,8.551320163163476,49.837735918937334,1.532850803675823,-43.37961205363841
2002-08-03,7.4810223148664345,48.565603015138265,1.420373103736981,-44.64514054289904
2002-08-04,7.374117161508383,50.25305727638076,3.398195917501476,-44.33860872634977
2002-08-05,9.701184694061558,50.34214433499778,1.1139143249300765,-43.96596644289624
2002-08-06,8.75724839050885,50.376294665953935,0.016906673037292652,-45.645348610670226
2002-08-07,8.833547021367524,50.983247431512105,1.4781628985452957,-45.80657248386706
2002-08-08,8.710859979292872,48.834231317127234,1.5319664600985061,-45.84748512359052
2002-08-09,10.783307715367965,48.8653326204984,-0.05714943860582489,-46.70725707995436
2002-08-10,10.447766275182195,49.77708272013605,0.35701735676357554,-45.98273278926493
2002-08-11,10.065786163486473,50.4176812887952,0.03114490427685168,-45.96960613957086
2002-08-12,10.577125018590568,50.72690699087002,1.0055580787576601,-46.497778446136124
2002-08-13,10.513323788456493,51.978256486521424,2.1417446263688436,-46.125988168806884
2002-08-14,10.586561265853758,51.85743540976103,1.5107846809838663,-45.73909893391047
2002-08-15,8.914043279616799,50.35187260241229,1.7817837751116268,-44.0514679947354
2002-08-16,8.295666570230427,50.40210277809285,1.591845700419141,-42.06019709077617
2002-08-17,8.750301203613317,50.65759803041727,2.0857115579791343,-42.946721191236115
2002-08-18,11.686532117734314,50.68846179611538,2.9606771224350483,-42.79039541297408
2002-08-19,9.930877853847658,50.9449860171118,3.917819826716445,-45.5831584184055
2002-08-20,8.5403053823223,49.70526010450495,4.32647167068183,-44.11638646749602
2002-08-21,7.78345661058292,49.35037525816499,3.9023976360819463,-43.76991086579648
2002-08-22,7.2562750431074585,49.84956862933577,1.7426209804148014,-45.024591991320484
2002-08-23,7.008002712608451,49.22052005511701,2.0849143257403107,-42.854592112121246
2002-08-24,7.600065135817667,49.277647868849755,1.3261569998617468,-41.81960511508057
2002-08-25,5.020357922841997,51.03529877197262,1.459010584362166,-42.74526127000529
2002-08-26,5.180302922264766,52.99751387574069,0.014152046326995071,-43.59897857723189
2002-08-27,6.637292357278794,52.31025745621017,-0.9066934406256751,-43.218989541565385
2002-08-28,7.532458513635106,54.67707285995624,-0.422531562832438,-45.13842143796819
2002-08-29,6.9456296494829655,53.89368095051475,-1.5101249620984352,-45.39951018629926
2002-08-30,8.592190237277265,53.996957503694986,-1.0617841686494587,-45.05822857876437
2002-08-31,8.15168423208055,53.497381485372166,-2.003833394013613,-45.195104626637836
2002-09-01,9.658054073544083,52.309030352020734,-2.489813928901764,-46.327210401995785
2002-09-02,9.32190503797816,53.19060031380797,-1.9348014719012054,-46.71341566577056
2002-09-03,10.501543284170433,53.37523419306251,-1.4938638342812138,-46.94336489260144
2002-09-04,10.576098446890674,51.58714339863651,-3.0146653298715638,-47.10668268497333
2002-09-05,10.46829718289821,52.11923714603224,-2.3734639119442473,-46.86366914201413
2002-09-06,11.383833907101751,52.75399217953091,-1.7744697341082354,-46.59374862383186
2002-09-07,10.058259163155903,52.98160379391204,-3.2367637547369803,-46.70607745186197
2002-09-08,10.151778214662832,53.42773833112322,-2.6913432521952005,-46.63472041289353
2002-09-09,9.742898790754145,54.71938020074764,-2.264137366099764,-45.9659506415432
2002-09-10,9.870302737912056,54.35909607817334,-1.6246503150714031,-44.70041046734085
2002-09-11,10.307196477304204,54.977820199961094,-1.2953433087923079,-43.78499134132178
2002-09-12,11.849985789108503,53.48680905540918,-1.815335244561366,-43.295754835730285
2002-09-13,12.606548890266549,52.57962888981292,-1.4372893224849441,-44.626042282428564
2002-09-14,13.748635287147867,51.158655933109394,-0.4747848805467362,-44.52441889471526
2002-09-15,14.201210043839495,52.96227570602721,0.987901630768779,-45.06899594062263
2002-09-16,14.786685945438897,53.34945017639924,1.6094409959175522,-43.22572086722374
2002-09-17,14.982852623660083,51.20625916129536,4.612696401887259,-41.15369287589363
2002-09-18,14.928679313088107,50.503751823841256,5.374961323414622,-41.353123134887525
2002-09-19,13.464840029582566,50.541807829516074,6.081283927647778,-41.38423712114936
2002-09-20,13.82045689362883,51.8819193403795,6.784104743440876,-41.44917522068062
2002-09-21,12.675140387254723,51.56568817513814,5.581811640503684,-40.87425050563869
2002-09-22,12.762059029436186,50.45534024416964,6.521453861951037,-40.32116828648549
2002-09-23,10.153044190273086,51.522759507911076,6.325615922358408,-38.91668787714316
2002-09-24,9.867157777744877,51.478812631188184,6.831222125794293,-38.24868744538133
2002-09-25,8.98599240815706,50.394577663961094,7.421403195882899,-37.736712791261084
2002-09-26,7.921679858764221,50.64529018903696,8.525563957800447,-38.91923731685182
